city,state,Other Funds - Cash and Securities,Bond Funds - Cash and Securities,Sinking Funds - Cash and Securities,Bond Fund - Cash and Deposits,Employee Retirement - Total Other Securities,Total Federal Securities,Cash and Deposits,Sinking Fund - Cash and Deposits,Other Funds - Cash and Deposits
Nevada-City,California,912.64,,,,,,,,
Port-Jervis,New-York,299.84,186.38,,,,,,,
Richmond,California,1131.36,26.07,683.27,,,,,,
Kansas-City,Missouri,3184.50,96.85,1914.64,,,,,,
Annapolis,Maryland,736.97,536.29,23.84,,,,,,
Durango,Colorado,2098.72,267.75,41.90,,,,,,
Murfreesboro,Tennessee,1228.47,,2.91,,,,,,
Lincoln,Nebraska,1964.33,,11.12,,,,,,
Bloomfield,New-Mexico,391.54,6.12,205.86,,,,,,
Junction,Texas,1083.61,,148.50,,,,,,
Largo,Florida,886.82,,,,,,,,
Portales,New-Mexico,1844.44,157.71,,,,,,,
Roselle,Illinois,771.05,,,,,,,,
Los-Angeles,California,1342.13,127.85,438.04,,,,,,
Conway,Arkansas,1296.53,140.44,3217.60,,,,,,
Tucson,Arizona,842.61,4.54,4.69,,,,,,
Bloomington,Indiana,2180.57,1128.42,366.52,,,,,,
Douglas,Georgia,4588.20,,,,,,,,
Gillette,Wyoming,6163.53,,,,,,,,
Birmingham,Alabama,1502.71,359.07,608.43,,,,,,
Santa-Rosa,California,1739.77,167.73,263.85,,,,,,
Emlenton,Pennsylvania,1307.16,,,,,,,,
Jackson,Wisconsin,1717.36,,111.53,,,,,,
South-Chicago-Heights,Illinois,722.46,,,,,,,,
Cheboygan,Michigan,964.15,,,,,,,,
Homewood,Alabama,1137.76,4221.89,5086.18,,,,,,
Danbury,Connecticut,1110.20,6.82,,,,,,,
Oakland,Tennessee,119.71,,,,,,,,
Rehoboth-Beach,Delaware,9326.00,3136.48,,,,,,,
Douglas,Arizona,624.34,,,,,,,,
Taos,New-Mexico,2253.84,322.82,138.64,,,,,,
Salisbury,Maryland,1543.22,258.51,,,,,,,
Fort-Lauderdale,Florida,2397.34,663.16,85.47,,,,,,
Bloomingdale,Illinois,970.43,,,,,,,,
Cincinnati,Ohio,2763.69,672.06,490.35,,,,,,
Waukesha,Wisconsin,378.68,,6.58,,,,,,
Springfield,Illinois,1835.13,,171.26,,,,,,
Carol-Stream,Illinois,1481.47,,,,,,,,
Rock-Island,Illinois,745.32,,,,,,,,
Early,Texas,368.04,1783.23,78.16,,,,,,
Decatur,Alabama,2075.97,136.60,1974.97,,,,,,
Winfield,Illinois,1028.02,,,,,,,,
Charlottesville,Virginia,5050.95,164.03,1011.07,,,,,,
Jackson,Ohio,3515.25,,4420.39,,,,,,
West-Memphis,Arkansas,1842.19,34.18,268.26,,,,,,
Elkhart,Indiana,2002.31,336.22,54.76,,,,,,
Chico,California,1051.60,331.61,150.98,,,,,,
Mineral-Springs,Arkansas,87.11,,,,,,,,
Rochester,New-York,1592.46,56.34,88.93,,,,,,
Pinellas-Park,Florida,1197.51,21.72,0.67,,,,,,
Sioux-Falls,South-Dakota,1091.22,83.19,393.70,,,,,,
Crestview,Florida,729.37,,11.47,,,,,,
Albertville,Minnesota,1268.34,,,,,,,,
Pompano-Beach,Florida,1518.97,243.06,451.93,,,,,,
Daytona-Beach,Florida,1504.71,68.12,46.97,,,,,,
Portland,Tennessee,903.38,751.73,118.04,,,,,,
Laredo,Texas,894.62,267.90,106.55,,,,,,
Las-Vegas,Nevada,541.33,325.13,289.61,,,,,,
Trenton,New-Jersey,599.28,244.02,314.30,,,,,,
Hillsdale,New-Jersey,355.00,408.17,,,,,,,
North-Miami,Florida,1222.63,,,,,,,,
Shepherd,Texas,535.02,,,,,,,,
Sacramento,California,673.82,318.29,466.69,,,,,,
Bridgeport,Connecticut,364.48,832.01,,,,,,,
Endicott,New-York,450.77,182.01,79.40,,,,,,
Newark,Delaware,956.23,,1.16,,,,,,
Peoria,Illinois,299.11,,,,,,,,
Olympia,Washington,31.24,,,,,,,,
Somerton,Arizona,485.68,,35.70,,,,,,
Cleveland,Tennessee,839.99,121.33,104.25,,,,,,
Guymon,Oklahoma,447.89,,433.52,,,,,,
Lemon-Grove,California,1124.58,30.88,,,,,,,
Omaha,Nebraska,55.60,5.33,8.13,,,,,,
Edinburg,Texas,367.87,160.07,19.63,,,,,,
Encinitas,California,1954.15,453.68,12.66,,,,,,
Clarkston,Georgia,137.93,,,,,,,,
Batesville,Mississippi,2511.78,,99.61,,,,,,
Louisville,Tennessee,475.25,,,,,,,,
Fairview,Tennessee,271.81,60.46,,,,,,,
San-Antonio,Texas,1503.09,932.37,325.51,,,,,,
Lowell,Massachusetts,486.24,155.19,,,,,,,
Chesapeake-City,Maryland,562.95,,,,,,,,
Brady,Texas,370.05,8.49,11.51,,,,,,
Idaho-Falls,Idaho,1926.57,,,,,,,,
Fall-River,Massachusetts,209.47,159.66,,,,,,,
Ontario,California,1277.00,1048.73,261.61,,,,,,
Tupelo,Mississippi,1074.94,118.79,625.29,,,,,,
Christopher,Illinois,721.02,,,,,,,,
Arnolds-Park,Iowa,1592.54,,,,,,,,
Cheyenne,Wyoming,1768.30,,,,,,,,
Cookeville,Tennessee,3429.44,571.20,765.00,,,,,,
Bristol,Connecticut,1865.08,64.79,28.96,,,,,,
Warwick,Rhode-Island,735.82,28.59,,,,,,,
Yuma,Arizona,1288.41,442.92,104.39,,,,,,
Freehold,New-Jersey,400.96,398.82,,,,,,,
Vienna,Virginia,923.02,622.44,327.39,,,,,,
Indianapolis,Indiana,1685.65,121.23,851.15,206.36,21.96,16.55,755.88,643.86,
Alpine,Texas,213.98,,45.14,,,,,,
Levelland,Texas,864.02,,20.96,,,,,,
Texico,New-Mexico,1612.93,,,,,,,,
East-Providence,Rhode-Island,1375.17,19.38,,,,,,,
Redmond,Oregon,1721.69,8.39,31.40,,,,,,
Albany,New-York,170.50,300.57,1600.31,,,,,,
Santa-Fe-Springs,California,4679.75,1846.68,,,,,,,
Charleston,South-Carolina,1376.87,260.67,413.52,,,,,,
Toledo,Ohio,1451.94,94.86,100.87,,,,,,
Collegeville,Pennsylvania,62.04,91.23,,,,,,,
Ashland,Kentucky,729.18,142.06,6303.73,,,,,,
Atascadero,California,1274.08,70.86,895.69,,,,,,
Boston,Massachusetts,2841.52,301.19,370.45,,,,,,
College-Station,Texas,2294.14,831.33,1351.87,,,,,,
Mitchell,South-Dakota,2132.98,,72.71,,,,,,
Rowlett,Texas,443.53,328.01,64.32,,,,,,
Pittsfield,Massachusetts,646.67,128.14,,,,,,,
Dover,Delaware,2623.04,89.43,,,,,,,
Myrtle-Beach,South-Carolina,2962.33,103.70,244.73,,,,,,
Stamford,Connecticut,612.27,573.37,354.26,,,,,,
Hayward,California,1602.44,570.50,449.77,,,,,,
El-Centro,California,1146.31,2584.47,603.85,,,,,,
Madisonville,Tennessee,,,1166.93,,,,,,
Florence,South-Carolina,683.55,466.38,,,,,,,
Suwanee,Georgia,1103.12,,57.30,,,,,,
Burlington,Iowa,1248.74,53.90,,,,,,,
Erie,Pennsylvania,285.24,170.50,0.49,,,,,,
Ambler,Pennsylvania,1638.11,,,,,,,,
Woodstock,Virginia,1167.17,197.60,,,,,,,
Meadville,Pennsylvania,401.42,187.75,9.09,,,,,,
Zanesville,Ohio,485.61,,,,,,,,
Show-Low,Arizona,2127.95,,74.20,,,,,,
Lamesa,Texas,182.25,,,,,,,,
Independence,Kentucky,133.59,,,,,,,,
Elmira,New-York,371.55,106.79,,,,,,,
Hattiesburg,Mississippi,624.97,408.39,823.17,,,,,,
San-Francisco,California,6053.79,884.76,385.39,,,,,,
Concord,New-Hampshire,1773.70,111.56,22.69,,,,,,
Marion,Arkansas,846.39,1295.04,14421.36,,,,,,
Sheridan,Wyoming,973.24,,13.77,,,,,,
Huntley,Illinois,958.61,,381.48,,,,,,
Wilkes-Barre,Pennsylvania,159.96,113.67,,,,,,,
London,Kentucky,1968.77,,95.07,,,,,,
Barnesville,Ohio,2528.76,,82.54,,,,,,
Menasha,Wisconsin,342.64,132.27,161.98,,,,,,
Defiance,Ohio,997.96,,35.59,,,,,,
Hazleton,Pennsylvania,157.90,,4.40,,,,,,
West-Columbia,South-Carolina,1626.57,,1996.00,,,,,,
Lima,Ohio,967.70,,,,,,,,
Cotati,California,2308.64,143.59,,,,,,,
Cleveland,Ohio,2615.32,474.53,332.22,,,,,,
Spokane-Valley,Washington,,,,,,,,,134.99
Redwood-City,California,2656.36,585.14,240.27,,,,,,
Durant,Oklahoma,703.15,102.72,113.05,,,,,,
Starkville,Mississippi,587.10,,,,,,,,
Baton-Rouge,Louisiana,2858.51,636.06,3058.21,,,,,,
East-Chicago,Indiana,29.59,463.96,,,,,,,
Orlando,Florida,3490.12,117.72,64.33,,,,,,
Hot-Springs,Arkansas,1127.79,422.20,72.69,,,,,,
Dupont,Pennsylvania,183.75,,,,,,,,
Rockford,Michigan,874.67,,,,,,,,
Warren,Arkansas,450.87,,,,,,,,
Tustin,California,3368.82,561.68,,,,,,,
Russell-Springs,Kentucky,801.36,,112.21,,,,,,
Santa-Barbara,California,1218.96,275.94,,,,,,,
Eugene,Oregon,2597.69,311.88,74.43,,,,,,
Dumas,Texas,112.61,,15.48,,,,,,
Hamilton,Texas,,,432.27,,,,,,
Tyler,Texas,616.73,,62.00,,,,,,
Prescott,Arizona,1736.61,0.11,504.62,,,,,,
San-Jacinto,California,730.20,153.90,,,,,,,
Little-Rock,Arkansas,1022.88,287.33,624.74,,,,,,
Grants-Pass,Oregon,1797.80,,,,,,,,
Tampa,Florida,1313.37,296.84,2689.04,,,,,,
Victoria,Texas,1010.25,47.36,,,,,,,
Lewiston,Idaho,1178.27,,,,,,,,
Pawtucket,Rhode-Island,992.75,133.12,,,,,,,
Folcroft,Pennsylvania,,49.16,,,,,,,
Saginaw,Michigan,1362.88,,168.35,,,,,,
Schaumburg,Illinois,2035.21,,81.17,,,,,,
Texline,Texas,315.40,79.78,14.84,,,,,,
Kalispell,Montana,2011.07,,100.10,,,,,,
Austin,Texas,1297.61,764.89,489.81,,,,,,
Milledgeville,Georgia,2133.45,,152.96,,,,,,
Hopatcong,New-Jersey,998.80,237.70,,,,,,,
Atlantic-Highlands,New-Jersey,852.45,243.85,,,,,,,
Portage,Michigan,796.60,,,,,,,,
Joplin,Missouri,1044.44,,78.72,,,,,,
Des-Moines,Iowa,1000.59,209.66,40.91,,,,,,
San-Jose,California,1294.24,150.36,544.97,,,,,,
Tulsa,Oklahoma,2333.68,428.24,552.52,,,,,,
Amarillo,Texas,2623.82,486.57,126.96,,,,,,
Cary,Illinois,1107.49,,,,,,,,
Waukegan,Illinois,798.57,,229.39,,,,,,
Lady-Lake,Florida,1002.62,,,,,,,,
Bemidji,Minnesota,1052.35,,,,,,,,
Newport,Rhode-Island,3052.72,338.54,,,,,,,
Madison,Indiana,1435.71,,49.57,,,,,,
Fort-Stockton,Texas,391.76,,10.33,,,,,,
Hobbs,New-Mexico,2607.70,62.24,329.07,,,,,,
Marshall,Minnesota,1795.43,,374.58,,,,,,
Denison,Iowa,2073.39,,108.20,,,,,,
Fort-Pierce,Florida,1482.48,,222.48,,,,,,
Spartanburg,South-Carolina,812.99,832.94,222.23,,,,,,
Decorah,Iowa,618.40,,,,,,,,
Mountain-Home,Arkansas,617.07,22.75,520.96,,,,,,
Clarksville,Indiana,2023.80,352.68,227.11,,,,,,
Florence,Alabama,1718.53,92.41,162.56,,,,,,
Bristol,Virginia,,,984.85,,,,,,
Holyoke,Massachusetts,2403.52,12.46,,,,,,,
Fort-Smith,Arkansas,1366.73,158.23,3555.98,,,,,,
Okeechobee,Florida,1995.87,,,,,,,,
Paducah,Kentucky,2966.90,,244.60,,,,,,
Wallington,New-Jersey,512.14,172.77,,,,,,,
Walnut,California,951.96,58.18,,,,,,,
Aberdeen,Washington,51.98,,,,,,,,
Markham,Illinois,698.31,,,,,,,,
Delmar,Delaware,251.37,,,,,,,,
Carthage,Missouri,1394.28,,,,,,,,
Phoenix,Arizona,1459.48,144.43,1328.42,,,,,,
Kingman,Arizona,2561.12,,40.95,,,,,,
Durham,North-Carolina,,147.60,49.79,,,,,,
Las-Vegas,New-Mexico,,,1253.66,,,,,,
Key-West,Florida,3841.32,,,,,,,,
Corpus-Christi,Texas,1499.67,758.00,286.87,,,,,,
El-Dorado,Arkansas,1827.83,48.67,71.55,,,,,,
Spencer,Iowa,8960.74,,382.85,,,,,,
Twentynine-Palms,California,541.36,398.00,,,,,,,
Felton,Delaware,221.36,,,,,,,,
Wichita-Falls,Texas,635.10,177.88,112.66,,,,,,
West-Chicago,Illinois,345.69,,406.59,,,,,,
Jersey-Shore,Pennsylvania,495.53,,,,,,,,
Corbin,Kentucky,963.20,507.78,,,,,,,
Vallejo,California,1262.02,307.35,238.64,,,,,,
Sachse,Texas,1314.64,372.00,22.08,,,,,,
Union-City,Tennessee,3054.92,,130.94,,,,,,
Crockett,Texas,207.99,,24.43,,,,,,
Coldwater,Michigan,1955.96,,,,,,,,
West-Palm-Beach,Florida,3606.49,157.84,1.73,,,,,,
Tallulah,Louisiana,86.11,,142.96,,,,,,
Gary,Indiana,736.08,206.75,121.04,,,,,,
Eatonton,Georgia,699.78,,,,,,,,
Stratford,Texas,953.82,21.88,29.65,,,,,,
Fargo,North-Dakota,1184.41,,1389.93,,,,,,
Dickinson,North-Dakota,2644.79,119.05,121.95,,,,,,
Eden,Texas,393.35,92.74,7.73,,,,,,
Columbia,Missouri,3715.09,447.52,146.41,,,,,,
Convoy,Ohio,1083.10,,,,,,,,
South-San-Francisco,California,1497.34,480.83,96.18,,,,,,
Green-Bay,Wisconsin,41.79,,64.58,,,,,,
Rockwall,Texas,477.60,128.23,21.77,,,,,,
Stockton,California,903.41,243.03,280.97,,,,,,
Pensacola,Florida,2012.10,,,,,,,,
Palm-Springs,California,2825.32,407.25,317.70,,,,,,
Ames,Iowa,6469.60,224.86,14.70,,,,,,
Poplar-Bluff,Missouri,1620.18,,55.38,,,,,,
Bowling-Green,Kentucky,1167.26,,,,,,,,
Pocola,Oklahoma,220.09,,6.07,,,,,,
Pendleton,Oregon,624.58,,106.20,,,,,,
Rogers,Arkansas,1195.82,276.85,171.14,,,,,,
Grand-Rapids,Michigan,1640.84,,684.39,,,,,,
Weatherford,Oklahoma,564.12,0.58,195.22,,,,,,
Gruver,Texas,578.85,,,,,,,,
New-London,Connecticut,1379.96,342.99,96.51,,,,,,
Gladstone,Missouri,590.89,157.04,196.81,,,,,,
Columbia,Louisiana,1494.54,,204.92,,,,,,
Lancaster,California,1347.43,17.28,114.21,,,,,,
Willmar,Minnesota,1498.21,,2509.13,,,,,,
Louisville,Kentucky,2028.44,338.35,7747.61,,,,,,
Beaufort,South-Carolina,1506.85,,,,,,,,
Claremont,New-Hampshire,1959.09,,,,,,,,
Robert-Lee,Texas,281.49,,,,,,,,
Oklahoma-City,Oklahoma,2267.70,517.44,154.11,,,,,,
South-Sioux-City,Nebraska,690.69,,2471.54,,,,,,
Fairmont,Minnesota,1297.01,,484.95,,,,,,
Killeen,Texas,397.39,84.40,13.32,,,,,,
Monterey,California,3046.42,577.15,476.15,,,,,,
Port-St.-Lucie,Florida,979.47,80.66,12.53,,,,,,
Harrisburg,Pennsylvania,993.75,122.79,25.86,,,,,,
Lafayette,Indiana,813.22,37.88,207.99,,,,,,
Murphy,North-Carolina,,,323.48,,,,,,
Leesburg,Virginia,1183.52,82.34,184.21,,,,,,
Easton,Maryland,2617.84,317.20,456.60,,,,,,
Poughkeepsie,New-York,242.54,161.00,136.98,,,,,,
West-Frankfort,Illinois,1018.79,,,,,,,,
Muscatine,Iowa,4364.06,302.40,45.87,,,,,,
Coffeyville,Kansas,2900.92,1154.61,725.50,,,,,,
Lansing,Michigan,4057.13,39.57,384.38,,,,,,
Columbus,Indiana,1352.20,121.26,220.60,,,,,,
Kansas-City,Kansas,989.38,1321.57,3340.52,,,,,,
Paris,Illinois,921.79,,,,,,,,
Darlington,South-Carolina,652.69,486.70,,,,,,,
Concord,California,1080.03,217.70,27.87,,,,,,
Torrance,California,814.28,159.78,16.90,,,,,,
Sunny-Isles-Beach,Florida,2492.46,1447.43,,1317.40,,,478.39,,
St.-Petersburg,Florida,2476.80,75.04,589.42,,,,,,
Shelbyville,Tennessee,2326.00,153.48,,,,,,,
Anderson,South-Carolina,3095.46,,2651.86,,,,,,
Hollywood,Florida,2298.49,78.38,10.04,,,,,,
Marana,Arizona,1407.79,12.38,113.30,,,,,,
Bangs,Texas,438.11,,31.43,,,,,,
Minot,North-Dakota,2808.96,23.68,190.05,,,,,,
Bridgeport,Ohio,346.64,,,,,,,,
Wilmington,Delaware,772.50,325.54,492.32,,,,,,
Detroit,Michigan,1843.85,76.78,60.25,,,,,,
Lincoln-Park,Michigan,432.28,,,,,,,,
Catasauqua,Pennsylvania,1838.91,1294.14,,,,,,,
Raleigh,North-Carolina,0.01,,,,,,,,
New-Orleans,Louisiana,4959.80,554.71,798.19,,,,,,
Greeneville,Tennessee,5382.51,,3404.14,,,,,,
Salt-Lake-City,Utah,4172.26,2874.42,1.01,,,,,,
Hillsdale,Illinois,269.31,,17.82,,,,,,
Lakeland,Florida,2077.02,,3290.16,,,,,,
Huron,South-Dakota,1301.57,,,,,,,,
Elmwood-Park,Illinois,842.68,,,,,,,,
Cave-Junction,Oregon,1043.50,,,,,,,,
Evanston,Illinois,755.42,,,,,,,,
Duluth,Minnesota,266.64,,24.76,,,,,,
Crete,Illinois,1220.49,,,,,,,,
Watertown,South-Dakota,861.91,,92.50,,,,,,
Decherd,Tennessee,,,701.81,,,,,,
Melbourne-Beach,Florida,981.81,,,,,,,,
Newark,New-Jersey,126.30,,76.57,,,,,,
Hamlin,Texas,82.14,,,,,,,,
Cullman,Alabama,3993.20,67.79,539.23,,,,,,
Newport,Arkansas,626.84,,220.90,,,,,,
Canton,Ohio,839.20,101.91,11.81,,,,,,
Allentown,Pennsylvania,176.14,40.95,,,,,,,
Martinsville,Virginia,1722.64,35.29,279.75,,,,,,
Fort-Worth,Texas,922.02,489.83,421.88,,,,,,
Millville,New-Jersey,,34.94,,,,,,,
Lafayette,Colorado,2789.65,439.63,0.78,,,,,,
State-College,Pennsylvania,467.55,71.70,,,,,,,
Flagstaff,Arizona,2322.36,,,,,,,,
Astoria,Oregon,3773.14,,94.16,,,,,,
South-Lake-Tahoe,California,3277.65,248.50,756.68,,,,,,
Montoursville,Pennsylvania,362.81,37.96,,,,,,,
Jacksonville,Florida,1077.42,192.24,1233.03,,,,,,
Madison,Wisconsin,954.76,451.32,1168.08,,,,,,
Wynne,Arkansas,339.91,,,,,,,,
Waco,Texas,1742.94,270.48,23280.71,,,,,,
Florence,Kentucky,3072.99,0.52,20.00,,,,,,
Williamsport,Pennsylvania,248.49,13.45,72.94,,,,,,
Greencastle,Indiana,2379.45,133.98,87.54,,,,,,
Belfast,Maine,1169.04,,,,,,,,
Laramie,Wyoming,2940.45,,4.10,,,,,,
Moundsville,West-Virginia,330.59,30.42,121.30,,,,,,
Lake-City,Florida,1306.43,74.81,7.69,,,,,,
Surfside-Beach,South-Carolina,1744.75,,,,,,,,
Franklin-Park,Illinois,680.94,,,,,,,,
Bluefield,Virginia,815.38,,546.41,,,,,,
Christiansburg,Virginia,1723.58,,228.90,,,,,,
Springfield,Ohio,805.87,23.20,22.10,,,,,,
Lake-Charles,Louisiana,2349.66,,67.43,,,,,,
Laurens,South-Carolina,153.80,,,,,,,,
Wichita,Kansas,587.15,287.86,3707.41,,,,,,
Carbondale,Illinois,765.06,,,,,,,,
Anderson,Indiana,1150.77,560.83,188.35,,,,,,
Niceville,Florida,1154.96,537.44,,,,,,,
Indianola,Mississippi,773.93,,,,,,,,
Chino-Valley,Arizona,20.69,127.11,47.43,,,,,,
Grand-Junction,Colorado,760.57,,50.65,,,,,,
Springdale,Arkansas,936.26,,1089.75,,,,,,
Grayville,Illinois,1647.92,629.39,,,,,,,
Naperville,Illinois,576.37,,,,,,,,
Clinton,Oklahoma,2845.05,705.73,31.25,,,,,,
Geneseo,Illinois,1769.82,,,,,,,,
Manchester,Tennessee,2121.40,,,,,,,,
Struthers,Ohio,186.13,,2645.24,,,,,,
Richardson,Texas,747.97,,,,,,,,
Haskell,Texas,60.58,8.56,425.31,,,,,,
Independence,Missouri,1857.47,1.66,1.01,,,,,,
Topeka,Kansas,1087.50,180.25,361.69,,,,,,
Concordia,Missouri,396.45,,105.24,,,,,,
Bristol,Tennessee,4518.99,851.15,168.93,,,,,,
Brea,California,2255.30,433.08,,,,,,,
Kingston,Tennessee,677.84,,140.14,,,,,,
Dallas,Texas,1356.05,951.93,796.14,,,,,,
Jamestown,North-Dakota,1625.30,,218.77,,,,,,
Traverse-City,Michigan,3921.15,,1.72,,,,,,
Decatur,Arkansas,1605.59,258.10,,,,,,,
St.-Louis,Missouri,1841.87,241.01,31.46,,,,,,
Aspermont,Texas,373.65,,,,,,,,
Cleveland,Oklahoma,346.88,,,,,,,,
Sioux-City,Iowa,766.33,795.25,134.86,,,,,,
Steeleville,Illinois,637.40,,,,,,,,
Fairmont,West-Virginia,1131.17,,438.17,,,,,,
Springfield,Oregon,3331.84,116.34,48.39,,,,,,
Pocatello,Idaho,773.08,60.95,,,,,,,
Long-Branch,New-Jersey,1213.15,454.25,87.10,,,,,,
Absecon,New-Jersey,457.70,,,,,,,,
Bartlett,Illinois,912.44,,,,,,,,
La-Habra,California,986.53,84.66,8.59,,,,,,
Tucumcari,New-Mexico,1292.17,81.57,48.70,,,,,,
Logan,New-Mexico,3152.20,,5701.74,,,,,,
Belleville,Illinois,670.54,,,,,,,,
Tallahassee,Florida,2752.32,211.76,1955.86,,,,,,
San-Luis,Arizona,676.52,,2182.50,,,,,,
Biloxi,Mississippi,1192.37,6.99,533.19,,,,,,
Truth-or-Consequences,New-Mexico,2582.13,,,,,,,,
Oak-Grove,Missouri,1105.35,330.47,36.09,,,,,,
Bowie,Maryland,710.03,353.36,,,,,,,
Stamford,Texas,667.12,15.30,20.74,,,,,,
Kennett,Missouri,843.08,,,,,,,,
Henderson,Nevada,999.75,298.70,24.44,,,,,,
Atlanta,Illinois,308.75,,,,,,,,
Texarkana,Texas,595.26,66.69,36.07,,,,,,
Ocean-City,Maryland,7621.54,2600.95,,,,,,,
Amherst,Ohio,1442.10,,402.98,,,,,,
Collinsville,Illinois,754.83,,,,,,,,
Centerville,Georgia,1060.63,,,,,,,,
Rock-Hill,South-Carolina,525.89,64.59,40.01,,,,,,
Titusville,Florida,965.24,,2.55,,,,,,
Columbus,Ohio,1130.96,611.94,277.89,,,,,,
San-Bernardino,California,688.05,156.03,12.01,,,,,,
Tacoma,Washington,3579.59,445.00,245.98,,,,,,
Muskogee,Oklahoma,,,1128.39,,,,,,
Chadron,Nebraska,857.17,,,,,,,,
Carlsbad,New-Mexico,2677.96,440.46,10.20,,,,,,
Ashland,Oregon,1808.66,,48.17,,,,,,
Aurora,Illinois,802.09,,72.57,,,,,,
Atlantic-City,New-Jersey,2094.14,3085.26,106.06,,,,,,
Harrisburg,Illinois,978.50,,,,,,,,
Prescott-Valley,Arizona,1294.46,71.50,101.06,,,,,,
Riverside,California,517.19,100.11,91.27,,,,,,
Dallas,Georgia,505.11,,,,,,,,
Wyoming,Michigan,768.76,74.18,,,,,,,
Youngstown,Ohio,208.16,,,,,,,,
Cleveland,Texas,238.16,5.46,7.40,,,,,,
Wildwood,New-Jersey,2466.25,2904.81,,,,,,,
Attleboro,Massachusetts,416.72,316.36,,,,,,,
Longview,Texas,725.24,465.88,200.83,,,,,,
Augusta,Maine,2062.04,217.84,,,,,,,
Las-Cruces,New-Mexico,2007.04,575.18,,,,,,,
Irvine,California,2319.71,3564.00,3528.36,,,,,,
Somerdale,New-Jersey,139.68,77.60,,,,,,,
Lake-Orion,Michigan,1130.45,,,,,,,,
New-Bedford,Massachusetts,863.56,174.35,,,,,,,
South-Plainfield,New-Jersey,1347.79,722.89,,,,,,,
Akron,Ohio,980.28,18.85,145.27,,,,,,
New-Berlin,Illinois,1732.18,,,,,,,,
Tye,Texas,1436.61,,,,,,,,
Chattanooga,Tennessee,2499.35,465.95,513.86,,,,,,
Medford,Oregon,1852.04,163.75,6757.66,,,,,,
Iowa-City,Iowa,1970.07,780.51,660.58,,,,,,
Frederick,Maryland,1080.64,185.66,,,,,,,
Springfield,Massachusetts,874.48,118.84,,,,,,,
Red-Bank,New-Jersey,,,58.50,,,,,,
Quincy,Illinois,832.86,,,,,,,,
Glassboro,New-Jersey,1047.47,112.43,,,,,,,
Waterville,Maine,480.61,,,,,,,,
Harrison,Arkansas,923.70,,,,,,,,
Gulfport,Mississippi,1672.09,170.31,161.54,,,,,,
Bergenfield,New-Jersey,510.67,125.74,,,,,,,
Chicopee,Massachusetts,1798.86,356.76,,,,,,,
South-Charleston,West-Virginia,248.11,,,,,,,,
Carson-City,Nevada,675.19,70.09,1707.67,,,,,,
Milton,Georgia,338.14,,,,,,,,
Council-Bluffs,Iowa,1384.07,,38.85,,,,,,
Throop,Pennsylvania,2246.92,,,,,,,,
Hampton,Virginia,1529.99,409.87,114.82,,,,,,
La-Grande,Oregon,1436.10,,,,,,,,
Madras,Oregon,748.40,,46.94,,,,,,
Waterbury,Connecticut,392.98,,57.15,,,,,,
Portland,Maine,2895.19,453.95,80.25,,,,,,
Johnson-City,Tennessee,1672.03,322.12,2658.76,,,,,,
Easthampton,Massachusetts,752.27,31.24,,40.92,,,331.97,,
Georgetown,Delaware,577.95,151.66,315.22,,,,,,
Clovis,New-Mexico,1101.96,1.02,,,,,,,
Newark,California,955.03,603.61,27.67,,,,,,
Honolulu,Hawaii,6638.28,684.39,954.28,,,,,,
Corinth,Mississippi,7169.98,,449.63,,,,,,
Lufkin,Texas,898.32,,2948.00,,,,,,
Altus,Oklahoma,745.12,,932.54,,,,,,
Philadelphia,Pennsylvania,1422.19,35.69,45.66,,,,,,
Seattle,Washington,2343.63,503.90,293.42,,,,,,
San-Angelo,Texas,1016.87,1291.40,50.86,,,,,,
Milwaukee,Wisconsin,409.82,80.71,1628.44,,,,,,
Nacogdoches,Texas,1482.86,44.74,86.57,,,,,,
Mill-Valley,California,689.25,401.99,39.69,,,,,,
Allentown,New-Jersey,833.24,201.13,,,,,,,
Cameron,Missouri,1253.60,,,,,,,,
Trenton,Georgia,311.48,454.67,,,,,,,
Woodward,Oklahoma,526.28,659.10,102.63,,,,,,
Carbondale,Colorado,2156.42,,30.15,,,,,,
Columbus,Nebraska,1885.55,,,,,,,,
Miami-Beach,Florida,7293.39,3766.42,85.20,,,,,,
St.-George,Utah,1217.73,390.72,176.93,,,,,,
Scranton,Pennsylvania,503.22,,10.45,,,,,,
Spearfish,South-Dakota,2259.02,,23.90,,,,,,
Highland,Indiana,979.30,303.06,111.71,,,,,,
Caribou,Maine,993.55,,,,,,,,
Marfa,Texas,2624.00,478.77,128.00,,,,,,
Anchorage,Alaska,2125.59,155.96,183.80,,,,,,
Bentonville,Arkansas,1608.90,532.48,123.04,,,,,,
Blacksburg,Virginia,,,990.55,,,,,,
Lynchburg,Virginia,1081.48,850.11,,,,,,,
Fruitland-Park,Florida,260.11,,,,,,,,
Paterson,New-Jersey,132.44,,35.01,,,,,,
Albuquerque,New-Mexico,991.28,16.86,617.06,,,,,,
Beach-Park,Illinois,599.74,,,,,,,,
Janesville,Wisconsin,9.51,,,,,,,,
Jackson,Tennessee,316.41,,610.97,,,,,,
Melbourne,Arkansas,,,267.67,,,,,,
Valdosta,Georgia,217.60,,28.59,,,,,,
Meadow,Utah,1384.15,,,,,,,,
Merced,California,2213.66,38.34,47.90,,,,,,
Billings,Montana,2328.70,,208.09,,,,,,
Fort-Myers,Florida,2057.25,371.80,33.72,,,,,,
Greenville,Mississippi,234.21,,,,,,,,
Portland,Oregon,1862.30,326.12,443.76,,,,,,
Bellmawr,New-Jersey,467.21,,,,,,,,
Lubbock,Texas,1116.68,886.64,527.14,,,,,,
Charlotte,North-Carolina,28.84,,,,,,,,
Dalton,Georgia,7223.76,202.70,3811.50,,,,,,
Dothan,Alabama,1265.18,246.59,8.70,,,,,,
Vermillion,South-Dakota,1768.63,,424.95,,,,,,
Millbrook,Alabama,302.09,195.33,13.65,,,,,,
Worcester,Massachusetts,849.90,178.98,111.95,,,,,,
Montgomery,Alabama,494.71,,28.80,,,,,,
West-Haven,Connecticut,276.00,,,,,,,,
Brooklyn,Ohio,2177.25,283.86,7.89,,,,,,
Rockford,Illinois,514.10,,,,,,,,
Waterloo,Iowa,1432.63,380.63,68.47,,,,,,
Hopkinsville,Kentucky,340.74,103.00,3748.21,,,,,,
Gainesville,Florida,2456.64,,37.31,,,,,,
Lake-Wales,Florida,529.03,,73.04,,,,,,
New-Castle,Delaware,588.28,351.26,17.43,,,,,,
Greenville,South-Carolina,1534.76,246.70,334.52,,,,,,
Richmond,Virginia,2211.16,25.70,34.57,,,,,,
Missoula,Montana,454.21,9.45,27.84,,,,,,
Denver,Colorado,3778.16,659.74,363.37,,,,,,
Altoona,Pennsylvania,354.00,206.90,,,,,,,
Milford,Delaware,3339.92,,,,,,,,
Queen-City,Texas,122.56,,62.67,,,,,,
Oacoma,South-Dakota,5144.37,,,,,,,,
Des-Plaines,Illinois,1496.26,,91.50,,,,,,
Bismarck,North-Dakota,1944.96,,338.49,,,,,,
Upper-Marlboro,Maryland,2401.19,,,,,,,,
Redding,California,619.09,38.24,38.50,,,,,,
Atlanta,Georgia,4457.87,622.09,550.38,,,,,,
Norman,Oklahoma,2916.63,721.19,197.59,,,,,,
Indio,California,809.40,11.02,174.00,,,,,,
Adrian,Michigan,1212.67,,,,,,,,
Clayton,New-Mexico,919.43,,,,,,,,
Rome,Georgia,1403.34,169.82,80.51,,,,,,
Laurel,Delaware,141.87,,,,,,,,
Sweetwater,Texas,1449.52,477.60,,,,,,,
Decatur,Illinois,784.54,,,,,,,,
Midland,Michigan,1948.90,,,,,,,,
Manassas,Virginia,1981.99,108.99,1180.99,,,,,,
Brunswick,Georgia,1113.62,,,,,,,,
Talladega,Alabama,763.02,311.57,7.31,,,,,,
Parkersburg,West-Virginia,1001.02,210.54,,,,,,,
Mason,Tennessee,466.36,,,,,,,,
Mount-Zion,Illinois,572.39,,,,,,,,
Great-Falls,Montana,1082.33,,131.26,,,,,,
Kearney,Nebraska,527.21,,,,,,,,
Portland,Texas,1031.21,217.22,139.10,,,,,,
Weirton,West-Virginia,707.76,,758.84,,,,,,
Chandler,Oklahoma,1424.64,,107.94,,,,,,
Glenview,Illinois,1962.14,,,,,,,,
Davenport,Iowa,815.60,266.52,708.31,,,,,,
Pittsburg,Kansas,724.24,230.67,1285.79,,,,,,
Tazewell,Virginia,188.84,,,,,,,,
Elizabeth,New-Jersey,1542.69,,,,,,,,
Norfolk,Nebraska,1587.18,,76.89,,,,,,
Fayetteville,Arkansas,1560.53,379.69,332.50,,,,,,
West-Des-Moines,Iowa,2244.91,1208.74,23.23,,,,,,
Hardeeville,South-Carolina,856.00,,784.14,,,,,,
Rochester,New-Hampshire,1211.79,,,,,,,,
Memphis,Tennessee,1148.58,393.04,574.92,,,,,,
Goshen,Indiana,1080.05,51.49,1332.99,,,,,,
Columbia,South-Carolina,2897.31,754.55,41.23,,,,,,
Huntingburg,Indiana,3500.16,63.86,377.80,,,,,,
San-Fernando,California,1014.84,2.67,,,,,,,
Michigan-City,Indiana,2067.32,186.07,648.88,,,,,,
Rapid-City,South-Dakota,2409.22,,,,,,,,
Yankton,South-Dakota,1662.01,,274.05,,,,,,
Bozeman,Montana,1573.72,122.25,97.29,,,,,,
Peoria,Arizona,1710.36,342.23,553.61,,,,,,
San-Augustine,Texas,267.48,,31.25,,,,,,
Hartford,Wisconsin,,,109.74,,,,,,
Morgantown,West-Virginia,933.61,48.71,58.50,,,,,,
Mason,Texas,462.47,,,,,,,,
Kalamazoo,Michigan,937.77,57.91,4458.90,,,,,,
Siren,Wisconsin,2421.19,1006.46,182.17,,,,,,
Martinsville,Illinois,2638.79,,,,,,,,
Colorado-Springs,Colorado,849.82,225.32,15.29,,,,,,
West-Dundee,Illinois,972.27,,,,,,,,
Spirit-Lake,Iowa,1514.26,,37.63,,,,,,
Wheatland,Wyoming,1589.54,,,,,,,,
Savannah,Georgia,3477.92,329.26,55.90,,,,,,
Haledon,New-Jersey,75.24,,4.34,,,,,,
Sarasota,Florida,3126.86,16.42,22.15,,,,,,
Sunray,Texas,73.40,,,,,,,,
Providence,Rhode-Island,1218.35,5.83,,,,,,,
Troutdale,Oregon,793.86,,,,,,,,
Texarkana,Arkansas,456.69,,54.69,,,,,,
Flint,Michigan,3539.95,,246.52,,,,,,
Greensboro,North-Carolina,0.21,,,,,,,,
Oakley,Kansas,955.18,,5.78,,,,,,
Chula-Vista,California,551.90,346.52,2283.55,,,,,,
McAllen,Texas,1266.33,493.56,38.24,,,,,,
Baltimore,Maryland,2544.07,2.60,,,,,,,
Willowick,Ohio,395.39,139.03,,,,,,,
Steamboat-Springs,Colorado,5299.38,332.83,399.88,,,,,,
Beaumont,Texas,742.49,418.79,27.15,,,,,,
Edmond,Oklahoma,1379.41,1937.41,508.35,,,,,,
Okawville,Illinois,443.38,,,,,,,,
Alpena,Michigan,1007.13,,17.08,,,,,,
Twin-Falls,Idaho,1149.83,,,,,,,,
Covington,Kentucky,460.18,72.48,1509.63,,,,,,
Windsor,Colorado,951.90,,,,,,,,
New-Haven,Michigan,727.74,,,,,,,,
Enid,Oklahoma,1220.50,388.79,29.10,,,,,,
Pittsburgh,Pennsylvania,1250.18,273.17,111.07,,,,,,
Bangor,Maine,1658.20,171.53,,,,,,,
Springfield,Missouri,2953.04,279.38,521.25,,,,,,
Woonsocket,Rhode-Island,1618.52,27.57,,,,,,,
Marianna,Arkansas,209.58,,131.39,,,,,,
Jackson,Mississippi,843.90,63.98,69.17,,,,,,
Chillicothe,Ohio,460.09,,,,,,,,
Bedford,Virginia,3015.46,,211.01,,,,,,
Covington,Tennessee,3432.87,5.55,72.11,,,,,,
Buffalo,New-York,1425.43,227.23,61.83,,,,,,
Evansville,Indiana,612.31,1525.49,101.21,,,,,,
Alton,Texas,80.97,,6.13,,,,,,
Arlington-Heights,Illinois,1663.90,,,,,,,,
Howell,Michigan,837.36,,,,,,,,
El-Campo,Texas,727.88,,21.15,,,,,,
Cranston,Rhode-Island,600.89,14.67,,,,,,,
Sayreville,New-Jersey,858.85,348.74,,,,,,,
Sedona,Arizona,3400.14,,543.57,,,,,,
West-Park,Florida,473.06,,,,,,,,
Mobile,Alabama,818.36,31.43,120.20,,,,,,
Oak-Grove,Kentucky,733.20,,,,,,,,
Chubbuck,Idaho,1594.37,,10.78,,,,,,
San-Diego,California,921.20,524.52,62.38,,,,,,
Lemont,Illinois,551.10,,,,,,,,
Huntsville,Alabama,1412.74,681.94,338.63,,,,,,
Lake-City,South-Carolina,1994.61,408.80,,,,,,,
Bakersfield,California,159.39,307.93,1077.86,,,,,,
Lancaster,Pennsylvania,480.38,165.75,0.02,,,,,,
Jersey-City,New-Jersey,564.48,214.87,38.16,,,,,,
Victorville,California,1046.51,38.61,37.18,,,,,,
El-Paso,Texas,302.79,726.25,269.29,,,,,,
Boonville,Missouri,1557.53,12.32,,,,,,,
Salem,Oregon,890.45,434.94,3221.19,,,,,,
Sault-Ste.-Marie,Michigan,1652.46,,,,,,,,
New-Brunswick,New-Jersey,423.14,4111.11,640.98,,,,,,
Sealy,Texas,567.64,1127.21,38.94,,,,,,
Minneapolis,Minnesota,1843.63,,4834.85,,,,,,
Fair-Haven,New-Jersey,1050.56,,,,,,,,
Reno,Nevada,456.64,80.27,742.47,,,,,,
New-Castle,Pennsylvania,387.13,4.07,0.09,,,,,,
Albany,Georgia,2244.53,,,,,,,,
Visalia,California,1269.96,384.93,7.81,,,,,,
Hartford,Connecticut,885.77,68.94,0.74,,,,,,
Windsor,Missouri,961.57,80.10,30.53,,,,,,
New-Haven,Connecticut,684.06,412.62,116.88,,,,,,
Ocala,Florida,3616.44,,45.88,,,,,,
Fort-Myers-Beach,Florida,701.86,,,,,,,,
New-York,New-York,2579.48,205.36,2539.64,,,,,,
Williamsport,Ohio,839.85,,,,,,,,
Blackwell,Oklahoma,888.30,1244.44,62.48,,,,,,
Fortuna,California,3840.36,230.36,111.27,,,,,,
Miami,Florida,1081.81,318.89,100.23,,,,,,
Herrin,Illinois,568.53,0.63,,,,,,,
Grand-Forks,North-Dakota,1346.42,36.78,4660.86,,,,,,
Macon,Georgia,104.47,60.32,61.35,,367.86,293.23,,,
Alexandria,Virginia,2949.27,1465.71,668.89,,,,,,
Odessa,Texas,1204.57,490.20,72.26,,,,,,
Jonesboro,Arkansas,2802.33,,3457.09,,,,,,
Callaway,Florida,945.02,,,,,,,,
Fresno,California,422.84,21.64,338.14,,,,,,
Battle-Creek,Michigan,1107.35,109.82,,,,,,,
West-Jordan,Utah,22.79,139.03,,,,,,,
Greenville,North-Carolina,1365.70,61.27,39.40,,,,,,
Fort-Wayne,Indiana,910.63,75.86,190.49,,,,,,
Houston,Texas,1246.17,402.51,1179.56,,,,,,
Nampa,Idaho,646.50,174.42,42.85,,,,,,
Santa-Fe,New-Mexico,2728.26,53.14,98.13,,,,,,
Chicago,Illinois,1624.85,806.72,978.18,,,,,,
Ironton,Ohio,625.05,1.52,3.32,,,,,,
Alexandria,Kentucky,153.99,,,,,,,,
Harlingen,Texas,553.98,211.07,135.60,,,,,,
Jefferson-City,Missouri,1219.82,143.65,666.15,,,,,,
St.-Cloud,Minnesota,762.22,,2939.25,,,,,,
Cedar-Rapids,Iowa,2921.58,205.96,562.85,,,,,,
Kane,Pennsylvania,329.66,138.71,,,,,,,
Champaign,Illinois,1050.13,,,,,,,,
Fredericksburg,Virginia,2665.31,1497.59,7193.11,,,,,,
Farmington,New-Mexico,3123.68,12129.23,20871.00,,,,,,
Bend,Oregon,1682.07,118.81,62.27,,,,,,
Virginia-Beach,Virginia,1072.98,759.25,698.71,,,,,,
Eagar,Arizona,462.05,,,,,,,,
Flora,Illinois,1841.30,,,,,,,,
Panama-City,Florida,3160.50,509.30,48.17,,,,,,
Marquette,Michigan,3660.30,,415.10,,,,,,
Coos-Bay,Oregon,1254.02,,347.78,,,,,,
Cumberland,Maryland,734.29,8.87,,,,,,,
Rancho-Mirage,California,5715.89,144.48,825.13,,,,,,
Garden-City,Kansas,1447.21,,7194.79,,,,,,
Alexandria,Louisiana,1736.25,25.08,4098.90,,,,,,
Dover,New-Jersey,490.61,338.34,,,,,,,
Santa-Clarita,California,1289.12,10.60,8.28,,,,,,
Heyworth,Illinois,418.56,,,,,,,,
Southaven,Mississippi,432.02,,44.71,,,,,,
Spokane,Washington,1585.20,456.79,39.08,,,,,,
Roanoke,Virginia,640.74,107.77,299.91,,,,,,
Neptune-City,New-Jersey,384.46,24.37,,,,,,,
Chesapeake,Virginia,1661.02,929.22,152.12,,,,,,
Winchester,Virginia,2799.77,786.24,209.81,,,,,,
Eufaula,Alabama,210.61,,28.18,,,,,,
Santa-Maria,California,2167.44,157.17,2.59,,,,,,
Richland,Missouri,904.18,,,,,,,,
Newport-News,Virginia,1368.15,207.23,5723.80,,,,,,
Pine-Hill,New-Jersey,587.02,2.30,,,,,,,
Dunbar,West-Virginia,211.48,,,,,,,,
Lafayette,Louisiana,5146.08,0.94,180.66,,,,,,
Dubuque,Iowa,1387.72,262.02,,,,,,,
Charleston,West-Virginia,1898.14,,245.83,,,,,,
Shreveport,Louisiana,368.82,171.56,1758.78,,,,,,
West-Plains,Missouri,108.99,,19.67,,,,,,
Abilene,Texas,1030.94,524.77,18.01,,,,,,
Bridgeport,West-Virginia,5492.76,,,,,,,,
Clementon,New-Jersey,555.38,,,,,,,,
Beaumont,California,424.03,929.95,,,,,,,
Dayton,Ohio,2090.37,135.31,182.30,,,,,,
Norfolk,Virginia,1881.95,63.80,502.34,,,,,,
Manchester,New-Hampshire,1898.57,129.57,,,,,,,
Harahan,Louisiana,232.97,,73.08,,,,,,
Bettendorf,Iowa,541.42,224.67,,,,,,,
Dayton,Kentucky,592.44,114.99,915.85,,,,,,
New-Iberia,Louisiana,588.99,,,,,,,,
Charleston,Illinois,411.39,,,,,,,,
Canyon,Texas,634.31,,,,,,,,
Logan,Utah,2361.74,348.63,21.23,,,,,,
Dodge-City,Kansas,736.50,511.22,4804.57,,,,,,
Hephzibah,Georgia,3290.31,,,,,,,,
Osseo,Wisconsin,2708.83,,37.59,,,,,,
Boulder,Colorado,2182.88,352.23,139.96,,,,,,
Anaheim,California,788.70,315.90,2462.20,,,,,,
Kingsport,Tennessee,920.69,1188.82,14.30,,,,,,
Fairview-Heights,Illinois,832.73,,,,,,,,
Austin,Indiana,271.98,25.74,177.51,,,,,,
Brawley,California,1492.01,160.90,,,,,,,
Center,Texas,1723.29,476.91,31.50,,,,,,
Big-Lake,Texas,1811.70,,,,,,,,
Marion,Illinois,957.99,,215.98,,,,,,
Marina,California,1203.77,285.06,38.72,,,,,,
Westbrook,Maine,2935.15,1144.75,126.40,,,,,,
Escanaba,Michigan,2508.72,,,,,,,,
Rayville,Louisiana,665.23,32.82,62.75,,,,,,
Bargersville,Indiana,,,238.61,,,,,,
Knoxville,Tennessee,3297.80,,1168.39,,,,,,
Eureka,California,1182.29,,,,,,,,
Roswell,New-Mexico,1042.59,,16.55,,,,,,
Casper,Wyoming,2408.85,628.90,21.70,,,,,,
Elizabethtown,Kentucky,1767.77,,92.24,,,,,,
Bloomfield,Indiana,589.13,679.57,130.43,,,,,,
Monroe,Louisiana,1629.02,,1488.67,,,,,,
Sedalia,Missouri,4285.17,,2.82,,,,,,
Houghton,Michigan,682.36,34.82,,,,,,,
International-Falls,Minnesota,234.73,,,,,,,,
Harrisonburg,Virginia,1687.11,509.04,,,,,,,
